Seconds since J2000,RA ECLIPJ2000 [rad],DEC ECLIPJ2000 [rad],O-C RA ECLIPJ2000 [rad],O-C DEC ECLIPJ2000 [rad]
24664003.783339,-0.9811408135302093,0.0032823549170624797,-4.356585598941365e-07,-3.475528890686634e-07
24665309.278692,-0.9811410152312666,0.0032821042840984766,1.1225889982036108e-06,-5.861563736591496e-07
24666860.184623,-0.9811442696372126,0.00328209007796094,-5.0964763298466664e-08,-6.098635742433044e-07
24667608.68513,-0.9811453384386681,0.003282347447132947,-1.1996736470898384e-07,-3.6613573496614357e-07
52065033.185323,-0.930842909306997,0.0023141532837623407,3.4995330608911246e-06,1.8597995017992884e-06
52065276.781467,-0.930846715512941,0.0023134853630540028,1.1176063765550026e-06,1.2319224272036057e-06
52065407.781158,-0.9308481117202146,0.002313596161390278,4.873166065122447e-07,1.3639884655228598e-06
52065568.182743,-0.9308494229577718,0.002312933818813777,1.1387652276706461e-07,7.274335421456057e-07
52066309.581135,-0.930853405199795,0.0023124115837694086,4.658443074623264e-07,3.2078541448198397e-07
52066565.08323,-0.9308547528384643,0.0023127101241476626,6.116790706167663e-07,6.577931113997335e-07
52066869.185302,-0.9308565800540362,0.0023125317969105107,5.618667053841619e-07,5.243431832279398e-07
52067231.486414,-0.9308597731256931,0.0023123061784907253,-5.138761907108602e-07,3.5090995916279774e-07
52067575.185616,-0.9308615517728447,0.002312315593467245,-2.8416531738795214e-07,4.0855040307980275e-07
52067902.581145,-0.930863287928481,0.00231221386102516,-1.0748781953395792e-07,3.5160291851502393e-07
52068438.580853,-0.9308670455552503,0.002311733659069351,-7.340900144425788e-07,-5.7691048480079665e-08
52068854.28578,-0.9308692794742771,0.002312461767450483,-5.402383584929282e-07,7.233639364198456e-07
52070290.478432,-0.9308777781270697,0.0023121062706899474,-6.55662220405695e-07,5.372146510383702e-07
52070544.287074,-0.9308793928645887,0.0023124738926628935,-7.896662408413135e-07,9.326026481309806e-07
52071345.681641,-0.9308842370971598,0.002311924211982026,-9.60235396529896e-07,4.66396552285548e-07
82122752.582753,-0.8839539066110921,0.0011952323386768624,-3.544624588291967e-07,-9.604241506884666e-08
82123076.781477,-0.8839557987316479,0.0011954003522733495,-2.978200336345438e-07,-1.315785896202279e-07
82123163.682595,-0.8839563327149987,0.0011955470933495817,-3.0956473173748833e-07,-3.95356991465725e-08
82123344.984367,-0.8839573853204679,0.0011956352392720208,-2.7279656367174e-07,-6.569239341240075e-08
82123463.585655,-0.8839581041862851,0.0011956316718975124,-2.7915962175217857e-07,-1.4416821625395926e-07
82123560.284507,-0.8839585971150246,0.0011956665733048257,-1.9124076955367997e-07,-1.704209586848686e-07
82123640.083551,-0.8839592902875285,0.0011957565023247385,-4.051301689678155e-07,-1.310118752284508e-07
82123718.482925,-0.8839595315859887,0.001195923369248748,-1.7559751652740374e-07,-1.3825858162985413e-08
82123815.786602,-0.8839601401342576,0.001195537535312106,-1.99846935000636e-07,-4.6138499375692095e-07
82123920.779876,-0.8839608511831195,0.001196084884166696,-2.805003727068822e-07,1.9280302380238895e-08
82124029.479709,-0.8839617035446962,0.0011961180009796963,-4.802984421292678e-07,-1.6728362627841525e-08
82124123.37922,-0.8839619423282564,0.0011960327834389204,-1.5544151732438394e-07,-1.617312050019703e-07
82124236.88293,-0.8839627022486755,0.0011961410541695653,-2.3413448735354336e-07,-1.2581634853815575e-07
82124477.679732,-0.8839640885936491,0.0011963209101440427,-1.7558929055194739e-07,-9.978313547805671e-08
82124596.185949,-0.8839648767223934,0.001196587767862682,-2.5279129511890375e-07,9.12123515534654e-08
82124720.48099,-0.8839656212810348,0.001196490701951774,-2.5181340368440885e-07,-8.553432978065413e-08
82124835.583082,-0.8839663708702943,0.0011968978043808308,-3.111148944023867e-07,2.4767779762107506e-07
82124942.883244,-0.8839669255161475,0.0011964468782957156,-2.2235709518092506e-07,-2.722189306907964e-07
82125044.982107,-0.8839675801490752,0.0011966770505134052,-2.648602089871943e-07,-1.0775347592060364e-07
82125151.884846,-0.8839681783651194,0.0011965900475874641,-2.2223474482885308e-07,-2.6363758861614774e-07
82125259.979895,-0.8839689125925284,0.0011967918134963094,-3.085672007907547e-07,-1.3160711208846931e-07
82125350.380209,-0.8839694055211262,0.00119682671312192,-2.597317626529261e-07,-1.550937749484737e-07
82125576.186588,-0.883970658370103,0.001196969881374296,-1.5962906285693634e-07,-1.580286745936181e-07
82213416.984366,-0.884443270873871,0.0012584776396569117,-9.407699739227837e-07,3.2384253811218455e-07
82217433.979556,-0.8844625796005791,0.0012603113619633814,-4.741015812159688e-07,-2.8571437214199545e-07
82223310.08677,-0.8844916132307488,0.0012641117510550606,-8.702377418678964e-07,4.370212774692031e-08
82223416.384685,-0.884491880228618,0.001264185073653965,-6.227869984165579e-07,5.5612011959881025e-08
82223543.781459,-0.8844924116678275,0.0012640796353871736,-5.378458073357351e-07,-1.233563610575101e-07
82223641.983703,-0.8844931048396545,0.0012641694405524774,-7.560227941461051e-07,-9.017684947528436e-08
82223733.680047,-0.8844934924979007,0.0012643261747977087,-7.002606196016004e-07,1.3725986286591482e-08
82223810.783391,-0.8844939340670899,0.001264547990152179,-7.690568987195334e-07,1.9114992066146877e-07
82223894.280343,-0.884495728687377,0.0012629794981914738,-2.160075033064146e-06,-1.4253812397730346e-06
82223990.780523,-0.8844944501109433,0.001264237218691688,-4.151488287584826e-07,-2.2313792640330475e-07
82224182.182422,-0.8844956772785288,0.0012644736679260312,-7.176808518583044e-07,-9.658582212279318e-08
82224280.479696,-0.8844960264212677,0.001264770653536604,-5.92139267063807e-07,1.4403246586277944e-07
82224369.981484,-0.8844961984358134,0.0012646670629399583,-3.320477144352907e-07,-1.0839019651655638e-08
82224458.783376,-0.8844967478270704,0.0012650190401099235,-4.528103304535236e-07,2.902987682759737e-07
82224543.982431,-0.8844972407505101,0.0012650538526944853,-5.345876677997907e-07,2.763727012787022e-07
82224650.280346,-0.8844976232950179,0.0012647064196320817,-4.0429622183424385e-07,-1.3181617728071082e-07
82224739.885814,-0.884498449965794,0.0012648328845903751,-7.987739644166325e-07,-5.652070940984945e-08
82225068.482262,-0.8844940672403134,0.0012724276571081114,5.1680022358224775e-06,7.350965771425223e-06
82225268.282264,-0.8845006090691864,0.0012650738752668336,-4.113274101325004e-07,-1.1641397471310808e-07
82225350.085804,-0.8845012483299525,0.0012650985975052496,-6.566614263459059e-07,-1.3814013098321053e-07
82225760.38211,-0.8845031301542225,0.0012655650985628187,-5.639867782791796e-07,9.594001251561277e-08
82226081.280349,-0.8845049965828247,0.0012658262656646006,-8.876449668626663e-07,1.7597231558182623e-07
82226276.984981,-0.8845063033386208,0.0012660342902788835,-1.2541752251182814e-06,2.7381135786486155e-07
82226373.381481,-0.8845063161769949,0.0012659875396696723,-8.040786892982155e-07,1.7286703336057835e-07
